{"program_message":"{\n  \"x\": [1, 1.090909090909091, 1.181818181818182, 1.272727272727273, 1.363636363636364, 1.454545454545455, 1.545454545454545, 1.636363636363636, 1.727272727272727, 1.818181818181818, 1.909090909090909, 2, 2.090909090909091, 2.181818181818182, 2.272727272727272, 2.363636363636364, 2.454545454545455, 2.545454545454545, 2.636363636363637, 2.727272727272728, 2.818181818181818, 2.909090909090909, 3, 3.090909090909091, 3.181818181818182, 3.272727272727273, 3.363636363636364, 3.454545454545455, 3.545454545454545, 3.636363636363636, 3.727272727272728, 3.818181818181818, 3.909090909090909, 4, 4.090909090909091, 4.181818181818182, 4.272727272727273, 4.363636363636363, 4.454545454545455, 4.545454545454545, 4.636363636363637, 4.727272727272728, 4.818181818181818, 4.909090909090909, 5, 5.090909090909091, 5.181818181818182, 5.272727272727272, 5.363636363636363, 5.454545454545455, 5.545454545454546, 5.636363636363637, 5.727272727272728, 5.818181818181818, 5.909090909090909, 6, 6.090909090909091, 6.181818181818182, 6.272727272727272, 6.363636363636364, 6.454545454545455, 6.545454545454546, 6.636363636363637, 6.727272727272728, 6.818181818181818, 6.909090909090909, 7, 7.090909090909091, 7.181818181818182, 7.272727272727272, 7.363636363636364, 7.454545454545455, 7.545454545454546, 7.636363636363637, 7.727272727272728, 7.818181818181818, 7.909090909090909, 8, 8.09090909090909, 8.181818181818182, 8.272727272727273, 8.363636363636363, 8.454545454545455, 8.545454545454547, 8.636363636363637, 8.727272727272727, 8.818181818181818, 8.90909090909091, 9, 9.090909090909092, 9.181818181818182, 9.272727272727273, 9.363636363636363, 9.454545454545455, 9.545454545454545, 9.636363636363637, 9.727272727272727, 9.818181818181818, 9.90909090909091, 10, 5.716981807722816e-319],\n  \"expected\": [1, 0.9550795323707896, 0.923201424943656, 0.9020055782611762, 0.8898567670855164, 0.8856247604502067, 0.8885444316047378, 0.8981248200299387, 0.9140892667639046, 0.9363359760852861, 0.9649124890110515, 1, 1.041904944404498, 1.091056229478866, 1.148007099605133, 1.213441046025704, 1.288181469745755, 1.373205030661867, 1.469658796412627, 1.578881460774017, 1.702429047427793, 1.84210566083928, 2, 2.178528520118495, 2.38048631886298, 2.609107044557122, 2.868133381515301, 3.161899971194126, 3.495430987139299, 3.874555008724198, 4.306040347565502, 4.797754588205599, 5.358852831532452, 6, 6.733633607638985, 7.574274650927664, 8.53889578218695, 9.647357737824191, 10.92292717321608, 12.39289168167569, 14.08929094081527, 16.04978675001687, 18.31869933678501, 20.94824288689959, 24, 27.5466829403413, 31.67423944933387, 36.48437288752601, 42.09756103777828, 48.65667558978073, 56.33132582579866, 65.32307618014354, 75.87171918189794, 88.26282407723689, 102.836828717507, 120, 140.2376586053739, 164.1301498738209, 192.3721479524099, 225.7960092026293, 265.4000486715312, 312.3828068521562, 368.1846111971727, 434.5380280417792, 513.5291582675601, 607.6721696943598, 720, 854.1748296872773, 1014.622744674529, 1206.698018974207, 1436.883694925823, 1713.036677788974, 2044.687463032295, 2443.406965217601, 2923.255825008333, 3501.335170006092, 4198.46226334285, 5040, 6056.876065055228, 7286.836075389802, 8775.985592539706, 10580.68902627195, 12769.90977988145, 15428.09631197098, 18658.74409802532, 22588.79501142798, 27374.07496550217, 33206.01971916624, 40320, 49005.63361726521, 59619.56788955293, 72601.33535646484, 88493.03549245631, 107963.7826844522, 131840.0957568425, 161143.6990284005, 197138.5746451897, 241389.5701503373, 295835.4484071175, 362880, 5.716981807722816e-319]\n}\n","program_output":"{\n  \"x\": [1, 1.090909090909091, 1.181818181818182, 1.272727272727273, 1.363636363636364, 1.454545454545455, 1.545454545454545, 1.636363636363636, 1.727272727272727, 1.818181818181818, 1.909090909090909, 2, 2.090909090909091, 2.181818181818182, 2.272727272727272, 2.363636363636364, 2.454545454545455, 2.545454545454545, 2.636363636363637, 2.727272727272728, 2.818181818181818, 2.909090909090909, 3, 3.090909090909091, 3.181818181818182, 3.272727272727273, 3.363636363636364, 3.454545454545455, 3.545454545454545, 3.636363636363636, 3.727272727272728, 3.818181818181818, 3.909090909090909, 4, 4.090909090909091, 4.181818181818182, 4.272727272727273, 4.363636363636363, 4.454545454545455, 4.545454545454545, 4.636363636363637, 4.727272727272728, 4.818181818181818, 4.909090909090909, 5, 5.090909090909091, 5.181818181818182, 5.272727272727272, 5.363636363636363, 5.454545454545455, 5.545454545454546, 5.636363636363637, 5.727272727272728, 5.818181818181818, 5.909090909090909, 6, 6.090909090909091, 6.181818181818182, 6.272727272727272, 6.363636363636364, 6.454545454545455, 6.545454545454546, 6.636363636363637, 6.727272727272728, 6.818181818181818, 6.909090909090909, 7, 7.090909090909091, 7.181818181818182, 7.272727272727272, 7.363636363636364, 7.454545454545455, 7.545454545454546, 7.636363636363637, 7.727272727272728, 7.818181818181818, 7.909090909090909, 8, 8.09090909090909, 8.181818181818182, 8.272727272727273, 8.363636363636363, 8.454545454545455, 8.545454545454547, 8.636363636363637, 8.727272727272727, 8.818181818181818, 8.90909090909091, 9, 9.090909090909092, 9.181818181818182, 9.272727272727273, 9.363636363636363, 9.454545454545455, 9.545454545454545, 9.636363636363637, 9.727272727272727, 9.818181818181818, 9.90909090909091, 10, 5.716981807722816e-319],\n  \"expected\": [1, 0.9550795323707896, 0.923201424943656, 0.9020055782611762, 0.8898567670855164, 0.8856247604502067, 0.8885444316047378, 0.8981248200299387, 0.9140892667639046, 0.9363359760852861, 0.9649124890110515, 1, 1.041904944404498, 1.091056229478866, 1.148007099605133, 1.213441046025704, 1.288181469745755, 1.373205030661867, 1.469658796412627, 1.578881460774017, 1.702429047427793, 1.84210566083928, 2, 2.178528520118495, 2.38048631886298, 2.609107044557122, 2.868133381515301, 3.161899971194126, 3.495430987139299, 3.874555008724198, 4.306040347565502, 4.797754588205599, 5.358852831532452, 6, 6.733633607638985, 7.574274650927664, 8.53889578218695, 9.647357737824191, 10.92292717321608, 12.39289168167569, 14.08929094081527, 16.04978675001687, 18.31869933678501, 20.94824288689959, 24, 27.5466829403413, 31.67423944933387, 36.48437288752601, 42.09756103777828, 48.65667558978073, 56.33132582579866, 65.32307618014354, 75.87171918189794, 88.26282407723689, 102.836828717507, 120, 140.2376586053739, 164.1301498738209, 192.3721479524099, 225.7960092026293, 265.4000486715312, 312.3828068521562, 368.1846111971727, 434.5380280417792, 513.5291582675601, 607.6721696943598, 720, 854.1748296872773, 1014.622744674529, 1206.698018974207, 1436.883694925823, 1713.036677788974, 2044.687463032295, 2443.406965217601, 2923.255825008333, 3501.335170006092, 4198.46226334285, 5040, 6056.876065055228, 7286.836075389802, 8775.985592539706, 10580.68902627195, 12769.90977988145, 15428.09631197098, 18658.74409802532, 22588.79501142798, 27374.07496550217, 33206.01971916624, 40320, 49005.63361726521, 59619.56788955293, 72601.33535646484, 88493.03549245631, 107963.7826844522, 131840.0957568425, 161143.6990284005, 197138.5746451897, 241389.5701503373, 295835.4484071175, 362880, 5.716981807722816e-319]\n}\n","status":"0"}